source	1995	0	0
source	1996	0	0
source	1998	0	0
source	1999	0	0
source	2000	0	0
source	2000	1	0
source	2001	0	0
source	2001	1	0
source	2002	0	0
source	2003	0	0
source	2003	1	0
base	1995	0	0
base	1996	0	1
base	2000	0	0
base	2000	1	0
base	2001	0	0
base	2001	1	0
base	2002	0	0
base	2003	0	0
base	2003	1	0
disabled	1995	0	0
disabled	1996	0	0
disabled	1998	0	0
disabled	1999	0	0
disabled	2000	0	0
disabled	2000	1	0
disabled	2001	0	0
disabled	2001	1	0
disabled	2002	0	0
disabled	2003	0	0
disabled	2003	1	0
head	1995	0	0
head	1996	0	0
head	1998	0	0
head	1999	0	0
head	2000	0	0
head	2000	1	0
head	2001	0	0
head	2001	1	0
head	2002	0	0
head	2003	0	0
head	2003	1	0
